Name,People,Product,Place,Format,Location (System),Frequency Updated,Frequency Used,Recieved From,Recieved From - Department,Used By Department 1,Used By Department 2,Used By Department 3,Used By Department 4,Linkable Data 1,Linkable Data 2,Linkable Data 3,Linkable Data 4,Unit
Records of Meetings Attended,1,,1,Microsoft 365,Microsoft 365,Daily,Not Utilized,Patrick Boruta,IT,IT,,,,Customer Segment,,,,Person
Records of Emails Sent (Sender and Recipients),1,,1,Microsoft 365,Microsoft 365,Daily,Not Utilized,Patrick Boruta,IT,IT,,,,Customer Segment,,,,Person
Records of Documents Shared (Author and Recipients),1,,1,Microsoft 365,Microsoft 365,Daily,Not Utilized,Patrick Boruta,IT,IT,,,,Customer Segment,,,,Person
Most Searched Words on HermanMiller.com,1,,,PDF Report,Google Analytics,Daily,Monthly,Kim Sobatta,Product Marketing,Marketing,,,,Time,Product,Product Family,Product Category,Word
HermanMiller.com Page Views by Product,,1,,PDF Report,Google Analytics,Daily,Monthly,Kim Sobatta,Product Marketing,Marketing,,,,Time,Product,,,Page Views
Number of Views for each Web Asset on HermanMiller.com by Associated Product,,1,,PDF Report,Google Analytics,Daily,Monthly,Kim Sobatta,Product Marketing,Marketing,,,,Time,Product,,,Views / Web Asset Type
Top Web Assets Downloaded from HermanMiller.com by Category,,1,,PDF Report,Google Analytics,Daily,Monthly,Kim Sobatta,Product Marketing,Marketing,,,,Time,Product Category,,,Rank
Top Brochures Shipped by Product,,1,,PDF Report,Google Analytics,Daily,Monthly,Kim Sobatta,Product Marketing,Marketing,,,,Time,Product,,,Number Sold
Top Brochures Shipped - Workstations,,1,,PDF Report,Google Analytics,Daily,Monthly,Kim Sobatta,Product Marketing,Marketing,,,,Time,Product Category,,,Number Sold
Top Brochures Shipped - Storage,,1,,PDF Report,Google Analytics,Daily,Monthly,Kim Sobatta,Product Marketing,Marketing,,,,Time,Product Category,,,Number Sold
Sales - Gross,,1,,PDF Report,Baan,Weekly,Weekly,Kim Sobatta,Product Marketing,Marketing,Design/Development,Research,Product Management,Time,Product,Product Family,Product Category,Dollars
Sales - % Change,,1,,PDF Report,Baan,Weekly,Weekly,Kim Sobatta,Product Marketing,Marketing,Design/Development,Research,Product Management,Time,Product,Product Family,Product Category,% Change
Margin - Gross,,1,,PDF Report,Baan,Weekly,Weekly,Kim Sobatta,Product Marketing,Marketing,Design/Development,Research,Product Management,Time,Product,Product Family,Product Category,Dollars
Margin - % Change,,1,,PDF Report,Baan,Weekly,Weekly,Kim Sobatta,Product Marketing,Marketing,Design/Development,Research,Product Management,Time,Product,Product Family,Product Category,% Change
Direct Opex - Gross,,1,,PDF Report,Baan,Weekly,Weekly,Kim Sobatta,Product Marketing,Marketing,Design/Development,Research,Product Management,Time,Product,Product Family,Product Category,Dollars
Direct Opex - % Change,,1,,PDF Report,Baan,Weekly,Weekly,Kim Sobatta,Product Marketing,Marketing,Design/Development,Research,Product Management,Time,Product,Product Family,Product Category,% Change
Direct Op Income - Gross,,1,,PDF Report,Baan,Weekly,Weekly,Kim Sobatta,Product Marketing,Marketing,Design/Development,Research,Product Management,Time,Product,Product Family,Product Category,Dollars
Direct Op Income - % Change,,1,,PDF Report,Baan,Weekly,Weekly,Kim Sobatta,Product Marketing,Marketing,Design/Development,Research,Product Management,Time,Product,Product Family,Product Category,% Change
Spend on Warranty - Gross,,1,,PDF Report,Baan,Weekly,Weekly,Kim Sobatta,Product Marketing,Marketing,Design/Development,Research,Product Management,Time,Product,Product Family,Product Category,Dollars
Spend on Warranty - % Change,,1,,PDF Report,Baan,Weekly,Weekly,Kim Sobatta,Product Marketing,Marketing,Design/Development,Research,Product Management,Time,Product,Product Family,Product Category,% Change
Royalty - Gross,,1,,PDF Report,Baan,Weekly,Weekly,Kim Sobatta,Product Marketing,Marketing,Design/Development,Research,Product Management,Time,Product,Product Family,Product Category,Dollars
Royalty - % Change,,1,,PDF Report,Baan,Weekly,Weekly,Kim Sobatta,Product Marketing,Marketing,Design/Development,Research,Product Management,Time,Product,Product Family,Product Category,% Change
Direct Op Income - Gross,,1,,PDF Report,Baan,Weekly,Weekly,Kim Sobatta,Product Marketing,Marketing,Design/Development,Research,Product Management,Time,Product,Product Family,Product Category,Dollars
Direct Op Income - % Change,,1,,PDF Report,Baan,Weekly,Weekly,Kim Sobatta,Product Marketing,Marketing,Design/Development,Research,Product Management,Time,Product,Product Family,Product Category,% Change
Strategic Objective - Intuitive Adaptation,,1,,NA Work Leadership Wall,Document,Once,Weekly,Greg Parsons,NA Leadership Team,Marketing,Sales,Research,Design/Development,Product,,,,H/M/L
Strategic Objective - Ultimate Settings,,1,,NA Work Leadership Wall,Document,Once,Weekly,Greg Parsons,NA Leadership Team,Marketing,Sales,Research,Design/Development,Product,,,,H/M/L
Strategic Objective - Exceptional Accessories ,,1,,NA Work Leadership Wall,Document,Once,Weekly,Greg Parsons,NA Leadership Team,Marketing,Sales,Research,Design/Development,Product,,,,H/M/L
Strategic Objective - Living Office Workplace Expertise,,1,,NA Work Leadership Wall,Document,Once,Weekly,Greg Parsons,NA Leadership Team,Marketing,Sales,Research,Design/Development,Product,,,,H/M/L
Projected Year 4 Sales for Product in Development,,1,,NA Work Leadership Wall,Document,Once,Weekly,Greg Parsons,NA Leadership Team,Marketing,Sales,Research,Design/Development,Product,Time,Product Family,Product Category,Dollars
Level of Innovation for Product in Development,,1,,NA Work Leadership Wall,Document,Once,Weekly,Greg Parsons,NA Leadership Team,Marketing,Sales,Research,Design/Development,Product,Time,Product Family,Product Category,H/M/L
Anticipated Buzz Level of Product in Development,,1,,NA Work Leadership Wall,Document,Once,Weekly,Greg Parsons,NA Leadership Team,Marketing,Sales,Research,Design/Development,Product,Time,Product Family,Product Category,H/M/L
Name of Product in Developent,,1,,NA Work Leadership Wall,Document,Once,Weekly,Greg Parsons,NA Leadership Team,Marketing,Sales,Research,Design/Development,Product,Product Family,Product Category,,Name
Number of Engineers Assigned to Each Product,,1,,Development Wall,Whiteboard,Weekly,Daily,Connie Boeve,Development,Design/Development,Product Management,,,Product,Time,Employee,,Engineers/Product/Month
Status of Each Task in Development Project,,1,,Development Wall,Whiteboard,Weekly,Daily,Connie Boeve,Development,Design/Development,Product Management,,,Product,Time,Employee,,
Core Issues and Resolutions for Each Product,,1,,Development Wall,Whiteboard,Weekly,Daily,Connie Boeve,Development,Design/Development,Product Management,,,Product,Time,Employee,,
Revenue Plan by Product,,1,,Development Wall,Document,Weekly,Daily,Connie Boeve,Development,Design/Development,Product Management,,,Product,Time,Product Family,Product Category,
Total Number of Online Sales,,1,,Powerpoint,Razorfish Deck,Once,Once,Bill Bernhal,Marketing,Marketing,,,,Customer,Customer Segment,Region,Product,
Performance Environments - Chair Occupancy,,1,,Spreadsheet,Spreadsheet,Once,Once,Tracy Brower,Performance Environments,Performance Environments,,,,Time,Customer,Product Family,Product,Occupied/Not Occupied
Product Adjacencies - Seating Idea Starters by Living Office Setting,,1,,PDF Document,OneStop,,,,Marketing,Marketing,Sales,,,Customer,Product,,,Product
Growth by MSA Region by Year,,1,,PDF Document,MSA Dashboard,Monthly,Monthly,Dave Masselink,IT,Sales,,,,Customer,Region,Time,Product,Dollars
Shipment Growth by MSA Region by Year,,1,,PDF Document,MSA Dashboard,Monthly,Monthly,Dave Masselink,IT,Sales,,,,Product,Region,Time,Category,Dollars
CAD Drawings,,1,,CAD,PDMLink,Once,Daily,,Development,Design/Development,Sales,Product Management,Marketing,Product,,,,Drawing
Lessons Learned in Development Process,,1,,Document,Office 365,Once,Once,Connnie Boeve,Development,Design/Development,Product Management,,,Product,Time,,,Document
Customer Opportunity Products,1,1,,Database,Salesforce,Daily,Unknown,Sarah Johnson,IT,Sales,,,,Customer,Product,,,
Projected Total Investment Required for Project,,1,,Powerpoint,Concept Convergence Document,Once,Once,Connnie Boeve,Project Management,Research,Design/Development,Product Management,,Time,Product,,,
Projected Gross Margin for Project,,1,,Powerpoint,Concept Convergence Document,Once,Once,Connnie Boeve,Project Management,Research,Design/Development,Product Management,,Time,Product,,,
Projected 10 Year MVA for Project,,1,,Powerpoint,Concept Convergence Document,Once,Once,Connnie Boeve,Project Management,Research,Design/Development,Product Management,,Time,Product,,,
Projected Total Sales Impact (5 Year Cumulative) for Project,,1,,Powerpoint,Concept Convergence Document,Once,Once,Connnie Boeve,Project Management,Research,Design/Development,Product Management,,Time,Product,,,
Project Problem Statement,,1,,Powerpoint,Concept Convergence Document,Once,Once,Connnie Boeve,Project Management,Research,Design/Development,Product Management,,Time,Product,Customer,,
Customer Needs met by Project,,1,,Powerpoint,Concept Convergence Document,Once,Once,Connnie Boeve,Project Management,Research,Design/Development,Product Management,,Product,Customer,,,
Strategic Needs Satisfied by Project,,1,,Powerpoint,Concept Convergence Document,Once,Once,Connnie Boeve,Project Management,Research,Design/Development,Product Management,,Product,,,,
Project Positioning Statement,,1,,Powerpoint,Concept Convergence Document,Once,Once,Connnie Boeve,Project Management,Research,Design/Development,Product Management,,Product,,,,
Project Key Market Based Product Criteria,,1,,Powerpoint,Concept Convergence Document,Once,Once,Connnie Boeve,Project Management,Research,Design/Development,Product Management,,Product,Customer,Region,Customer Segment,
Project Points of Differentiation,,1,,Powerpoint,Concept Convergence Document,Once,Once,Connnie Boeve,Project Management,Research,Design/Development,Product Management,,Product,,,,
Project Vocabulary,,1,,Powerpoint,Concept Convergence Document,Once,Once,Connnie Boeve,Project Management,Research,Design/Development,Product Management,,Product,,,,
Project Competitive Assessment,,1,,Powerpoint,Concept Convergence Document,Once,Once,Connnie Boeve,Project Management,Research,Design/Development,Product Management,,Product,,,,
Project Competitive Cost Comparisons,,1,,Powerpoint,Concept Convergence Document,Once,Once,Connnie Boeve,Project Management,Research,Design/Development,Product Management,,Product,,,,
Project Cost Target,,1,,Powerpoint,Concept Convergence Document,Once,Once,Connnie Boeve,Project Management,Research,Design/Development,Product Management,,Product,,,,
Project Cost Estimate,,1,,Powerpoint,Concept Convergence Document,Once,Once,Connnie Boeve,Project Management,Research,Design/Development,Product Management,,Product,,,,
Project Design Challenges,,1,,Powerpoint,Concept Convergence Document,Once,Once,Connnie Boeve,Project Management,Research,Design/Development,Product Management,,Product,Employee,,,
Project ID,,1,,Database,Accolade,Weekly,Weekly,Connnie Boeve,Project Management,Research,Design/Development,Product Management,,Product,,,,
Project Status - Project in Trouble,,1,,Database,Accolade,Weekly,Weekly,Connnie Boeve,Project Management,Research,Design/Development,Product Management,,Product,Employee,Time,,
Project Status - Project Stage,,1,,Database,Accolade,Weekly,Weekly,Connnie Boeve,Project Management,Research,Design/Development,Product Management,,Product,Employee,Time,,
Project Status - Next Gate for Project,,1,,Database,Accolade,Weekly,Weekly,Connnie Boeve,Project Management,Research,Design/Development,Product Management,,Product,Time,,,
Projected Budget for Month by Project,,1,,PDF Document,Launch Review Group Report,Monthly,Monthly,Connnie Boeve,Project Management,Research,Design/Development,Product Management,,Product,Time,,,
Actual Budget for Month by Project,,1,,PDF Document,Launch Review Group Report,Monthly,Monthly,Connnie Boeve,Project Management,Research,Design/Development,Product Management,,Product,Time,,,
Date of Next Milestone for Project,,1,,PDF Document,Launch Review Group Report,Monthly,Monthly,Connnie Boeve,Project Management,Research,Design/Development,Product Management,,Product,Time,,,
Projected 5 Year MVA Cumulative ,,1,,PDF Document,Launch Review Group Report,Monthly,Monthly,Connnie Boeve,Project Management,Research,Design/Development,Product Management,,Product,Time,,,
Total Investment Needed by Project,,1,,PDF Document,Launch Review Group Report,Monthly,Monthly,Connnie Boeve,Project Management,Research,Design/Development,Product Management,,Product,,,,
Development Expense by Project,,1,,PDF Document,Launch Review Group Report,Monthly,Monthly,Connnie Boeve,Project Management,Research,Design/Development,Product Management,,Product,Time,,,
Market Launch Expense,,1,,PDF Document,Launch Review Group Report,Monthly,Monthly,Connnie Boeve,Project Management,Marketing,Design/Development,Product Management,,Product,Time,,,
Target Product Cost,,1,,PDF Document,Launch Review Group Report,Monthly,Monthly,Connnie Boeve,Project Management,,Design/Development,Product Management,,Product,,,,
Start Order Entry,,1,,PDF Document,Launch Review Group Report,Monthly,Monthly,Connnie Boeve,Project Management,Marketing,Design/Development,Product Management,Sales,Product,,,,
12 Month Sales Forecast,,1,,PDF Document,Launch Review Group Report,Monthly,Monthly,Connnie Boeve,Project Management,Marketing,Design/Development,Product Management,Sales,Product,Time,,,
Product Development Status,,1,,PDF Document,Launch Review Group Report,Monthly,Monthly,Connnie Boeve,Project Management,,Design/Development,Product Management,,Product,Time,,,
Market Launch Status,,1,,PDF Document,Launch Review Group Report,Monthly,Monthly,Connnie Boeve,Project Management,Marketing,Design/Development,Product Management,Sales,Product,Time,,,
Project Financial Status,,1,,PDF Document,Launch Review Group Report,Monthly,Monthly,Connnie Boeve,Project Management,Research,Design/Development,Product Management,,Product,Time,,,
Project Operations Status,,1,,PDF Document,Launch Review Group Report,Monthly,Monthly,Connnie Boeve,Project Management,Research,Design/Development,Product Management,,Product,Time,,,
Project Market Opportunity,,1,,Document,Business Plan Document,Once,Once,Connnie Boeve,Project Management,Research,Design/Development,Product Management,,Product,Time,,,
Project Value Proposition,,1,,Document,Business Plan Document,Once,Once,Connnie Boeve,Project Management,Marketing,Design/Development,Product Management,Sales,Product,,,,
Projected Annual Net Sales,,1,,Document,Business Plan Document,Once,Once,Connnie Boeve,Project Management,Marketing,Design/Development,Product Management,Sales,Product,Time,,,
Projected Gross Margin,,1,,Document,Business Plan Document,Once,Once,Connnie Boeve,Project Management,Research,Design/Development,Product Management,,Product,Time,,,
Projected EVA,,1,,Document,Business Plan Document,Once,Once,Connnie Boeve,Project Management,Research,Design/Development,Product Management,,Product,Time,,,
Projected 5 Year MVA Cumulative ,,1,,Document,Business Plan Document,Once,Once,Connnie Boeve,Project Management,Research,Design/Development,Product Management,,Product,Time,,,
Recommended Capital Investment by Project,,1,,Document,Business Plan Document,Once,Once,Connnie Boeve,Project Management,Research,Design/Development,Product Management,,Product,,,,
Recommended Expense Investment by Project,,1,,Document,Business Plan Document,Once,Once,Connnie Boeve,Project Management,Research,Design/Development,Product Management,,Product,,,,
Projected Year 1 Sales,,1,,Document,Development Plan,Once,Once,Connnie Boeve,Project Management,Research,Design/Development,Product Management,,Product,Time,,,
Projected 5 Year Sales,,1,,Document,Development Plan,Once,Once,Connnie Boeve,Project Management,Research,Design/Development,Product Management,,Product,Time,,,
Projected Total Investment,,1,,Document,Development Plan,Once,Once,Connnie Boeve,Project Management,Research,Design/Development,Product Management,,Product,Time,,,
Projected Gross Margin,,1,,Document,Development Plan,Once,Once,Connnie Boeve,Project Management,Research,Design/Development,Product Management,,Product,Time,,,
Projected 5 Year Operating Income,,1,,Document,Development Plan,Once,Once,Connnie Boeve,Project Management,Research,Design/Development,Product Management,,Product,Time,,,
Projected 5 Year MVA Cumulative ,,1,,Document,Development Plan,Once,Once,Connnie Boeve,Project Management,Research,Design/Development,Product Management,,Product,Time,,,
Narrative of Project Design Principles,,1,,Document,Development Plan,Once,Once,Connnie Boeve,Project Management,Research,Design/Development,Product Management,,Product,,,,
Narrative of Product Concept,,1,,Document,Development Plan,Once,Once,Connnie Boeve,Project Management,Research,Design/Development,Product Management,,Product,,,,
Market Opportunity Analysis,,1,,Document,Development Plan,Once,Once,Connnie Boeve,Project Management,Research,Design/Development,Product Management,,Product,Customer,Customer Segment,Region,
Market Criteria,,1,,Document,Development Plan,Once,Once,Connnie Boeve,Project Management,Marketing,Design/Development,Product Management,Sales,Product,Customer,,,
Market Launch Plan (which Showrooms),,1,,Document,Development Plan,Once,Once,Connnie Boeve,Project Management,Marketing,Design/Development,Product Management,Sales,Product,Customer,Customer Segment,Region,
Resource Plan - Full Time Engineers Required,,1,,Document,Development Plan,Once,Once,Connnie Boeve,Project Management,Research,Design/Development,Product Management,,Product,,,,
Narrative of Project Design/ Engineering Risks,,1,,Document,Development Plan,Once,Once,Connnie Boeve,Project Management,Research,Design/Development,Product Management,,Product,,,,
Narrative of Project Marketing Risks,,1,,Document,Development Plan,Once,Once,Connnie Boeve,Project Management,Marketing,Design/Development,Product Management,,Product,,,,
Narrative of Project Operations Risk,,1,,Document,Development Plan,Once,Once,Connnie Boeve,Project Management,Research,Design/Development,Product Management,,Product,,,,
Narrative of Project Financial Risks,,1,,Document,Development Plan,Once,Once,Connnie Boeve,Project Management,Research,Design/Development,Product Management,,Product,,,,
Total Sales by Product SKU ,,1,,,,,,,Sales,Sales,,,,Product,,,,
Total Sales by Data or Order,,1,,,,,,,Sales,Sales,,,,Product,Time,,,
Customization Requests by Product Category,1,1,,Document,Document,Monthly,Monthly,Mark McNally,,,,,,Product,Product Family,Customer,,Product Category
Part Number,,1,,Lotus Notes,Lotus Notes,Daily,Daily,Larry Larder,Product Testing,,,,,Product,,,,
Part Supplier,,1,,Lotus Notes,Lotus Notes,Daily,Daily,Larry Larder,Product Testing,,,,,Product,,,,
Narrative of Test Results / Observations,,1,,Lotus Notes,Lotus Notes,Daily,Daily,Larry Larder,Product Testing,,,,,Product,,,,
Narrative of Summary of Test Results,,1,,Lotus Notes,Lotus Notes,Daily,Daily,Larry Larder,Product Testing,,,,,Product,,,,
Tools Used for Test,,1,,Lotus Notes,Lotus Notes,Daily,Daily,Larry Larder,Product Testing,,,,,Product,,,,
Project Number,,1,,Lotus Notes,Lotus Notes,Daily,Daily,Larry Larder,Product Testing,,,,,Product,,,,
Project Name,,1,,Lotus Notes,Lotus Notes,Daily,Daily,Larry Larder,Product Testing,,,,,Product,,,,
Employee Creating Request,,1,,Lotus Notes,Lotus Notes,Daily,Daily,Larry Larder,Product Testing,,,,,Product,,,,
Employee Approving Request,,1,,Lotus Notes,Lotus Notes,Daily,Daily,Larry Larder,Product Testing,,,,,Product,,,,
Purpose of Test,,1,,Lotus Notes,Lotus Notes,Daily,Daily,Larry Larder,Product Testing,,,,,Product,,,,
Test Request Number,,1,,Lotus Notes,Lotus Notes,Daily,Daily,Larry Larder,Product Testing,,,,,Product,,,,
Test Status,,1,,Lotus Notes,Lotus Notes,Daily,Daily,Larry Larder,Product Testing,,,,,Product,,,,
BaaN Project Number,,1,,Lotus Notes,Lotus Notes,Daily,Daily,Larry Larder,Product Testing,,,,,Product,,,,
Baan Department,,1,,Lotus Notes,Lotus Notes,Daily,Daily,Larry Larder,Product Testing,,,,,Product,,,,
Project Number,,1,,Database,Baan,Daily,Daily,Larry Larder,Product Testing,,,,,Product,,,,
Project Department,,1,,Database,Baan,Daily,Daily,Larry Larder,Product Testing,,,,,Product,,,,
Test Classification,,1,,Test Request System,Test Request System,Daily,Daily,Larry Larder,Product Testing,,,,,Product,,,,
Seating Recommended for Settings,1,1,,Document,,Once,,Jeff Rhoads,Marketing,Marketing,,,,Product,Product Family,,,
Settings Recommended for Seating,1,1,,Document,,Once,,Jeff Rhoads,Marketing,Marketing,,,,Product,Product Family,,,
List of Products that Belong in Each Configuration,,1,,Spreadsheet,CSP System,Once,With Order,Jeff Faber,Engineering Services,Design/Development,,,,Product,Time,,,
Pricing of Products in Each Configuration,,1,,Spreadsheet,CSP System,Once,With Order,Jeff Faber,Engineering Services,Design/Development,,,,Product,Time,,,
Paid Search Criteria â€“ Google Ad Words,1,,,PDF Report,Google Analytics,Daily,Monthly,Bill Bernhal,Digital Marketing,Marketing,,,,Time,Product,Product Family,Product Category,Budget / Search Term
HermanMiller.com Page Views,1,,,PDF Report,Google Analytics,Daily,Monthly,Kim Sobatta,Product Marketing,Marketing,,,,Time,Product Family,,,Page Views
HermanMiller.com Page Views,1,,,PDF Report,Google Analytics,Monthly,Monthly,Kim Sobatta,Product Marketing,Marketing,,,,Time,Product Family,,,% Change
Device Used to Access HermanMiller.com,1,,,PDF Report,Google Analytics,Daily,Monthly,Kim Sobatta,Product Marketing,Marketing,,,,Time,,,,% Share
% New Users Accessing HermanMiller.com,1,,,PDF Report,Google Analytics,Daily,Monthly,Kim Sobatta,Product Marketing,Marketing,,,,Time,,,,% Share
Page accessed first after HermanMiller.com home page,,,,PDF Report,Google Analytics,Daily,Monthly,Kim Sobatta,Product Marketing,Marketing,,,,Time,Product,Product Family,Product Category,% Share
Number of iPad App Portal Downloads,1,,,PDF Report,Google Analytics,Daily,Monthly,Kim Sobatta,Product Marketing,Marketing,,,,Time,,,,Number of App Downloads
Anticipated Launch Date for Product in Development,,,,NA Work Leadership Wall,Document,Once,Weekly,Greg Parsons,NA Leadership Team,Marketing,Sales,Research,Design/Development,Product,Time,Product Family,Product Category,Date
Status in HDP of Product ,,,,Development Wall,Whiteboard,Weekly,Daily,Connie Boeve,Development,Design/Development,Product Management,,,Product,Time,Product Family,Product Category,Status/Month
Projected Living Office Readiness,,,,NA Work Leadership Wall,Map,Once,Weekly,Greg Parsons,NA Leadership Team,Marketing,Sales,Research,Design/Development,Product,Time,Product Family,Product Category,
Dealer Living Office Readiness,,,,NA Work Leadership Wall,Map,Once,Weekly,Greg Parsons,NA Leadership Team,Marketing,Sales,Research,Design/Development,Product,Time,Product Family,Product Category,
% Respondents Able to Complete Tasks Online,,,,Powerpoint,Document,Once,Once,Bill Berndal,Marketing,Marketing,,,,Product,Time,,,
Website User Satisfaction,,,,Powerpoint,Document,Once,Once,Bill Berndal,Marketing,Marketing,,,,Product,Time,Customer Segment,Region,
Website Uptime,,,,Powerpoint,Document,Once,Once,Bill Berndal,Marketing,Marketing,,,,Product,Time,,,
Customer Personas,,,,Document,Document,Once,Once,Bill Berndal,Marketing,Marketing,,,,Customer,Customer Segment,Region,,
Brand Awareness by Consumer Segments,,,,Powerpoint,Razorfish Deck,Once,Once,Bill Bernhal,Marketing,Marketing,,,,Customer,Customer Segment,Region,Product,
Brand Sentiment by Consumer Segments,,,,Powerpoint,Razorfish Deck,Once,Once,Bill Bernhal,Marketing,Marketing,,,,Customer,Customer Segment,Region,Product,
Online Generated Leads,,,,Powerpoint,Razorfish Deck,Once,Once,Bill Bernhal,Marketing,Marketing,,,,Product,Customer Segment,Product Family,Product Category,
Self Service Usage,,,,Powerpoint,Razorfish Deck,Once,Once,Bill Bernhal,Marketing,Marketing,,,,Customer,Product  ,Time,,
Total Number of Online Accounts,,,,Powerpoint,Razorfish Deck,Once,Once,Bill Bernhal,Marketing,Marketing,,,,Customer,Region,Time,Product ,
Performance Environments - Room Occupancy,,,,Spreadsheet,Spreadsheet,Once,Once,Tracy Brower,Performance Environments,Performance Environments,,,,Time,Customer,Product Family,Product,Occupied/Not Occupied
List of Top Customers by MSA Region,,,,PDF Document,MSA Dashboard,Monthly,Monthly,Dave Masselink,IT,Sales,,,,Customer,Region,,,Customer
Sales Quantity by Month by Manufacturing Cell,,,,PDF Document,MSA Dashboard,Monthly,Monthly,Dave Masselink,IT,Sales,,,,Product,Time,,,Customer
Top Potential Customers by MSA Region ,,,,PDF Document,MSA Dashboard,Monthly,Monthly,Dave Masselink,IT,Sales,,,,Customer,Region,,,Customer
Market Size by MSA Region by Year,,,,PDF Document,MSA Dashboard,Monthly,Monthly,Dave Masselink,IT,Sales,,,,Customer,Region,Time,,Dollars
Potential Sales by MSA Region by Year,,,,PDF Document,MSA Dashboard,Monthly,Monthly,Dave Masselink,IT,Sales,,,,Customer,Region,Time,Product,Dollars
Shipments by MSA Region by Year,,,,PDF Document,MSA Dashboard,Monthly,Monthly,Dave Masselink,IT,Sales,,,,Customer,Region,Time,Product,Dollars
Target Sales by MSA Region by Year,,,,PDF Document,MSA Dashboard,Monthly,Monthly,Dave Masselink,IT,Sales,,,,Product,Region,Time,Category,Dollars
Target Sales by MSA Region by Segment by Year,,,,PDF Document,MSA Dashboard,Monthly,Monthly,Dave Masselink,IT,Sales,,,,Product,Region,Time,Category,Dollars
Number of Employees at each Customer,,,,PDF Document,MSA Dashboard,Monthly,Monthly,Dave Masselink,IT,Sales,,,,Customer,Employee,,,People
Ranking of Each Customer Nationally,,,,PDF Document,MSA Dashboard,Monthly,Monthly,Dave Masselink,IT,Sales,,,,Customer,Employee,Region,Customer Segment,Customer
Potential Sales for Projected Per Customer,,,,PDF Document,MSA Dashboard,Monthly,Monthly,Dave Masselink,IT,Sales,,,,Customer,Time,Region,,Dollars
Product Margin of Dealer Compared to Average Dealer by MSA Region,,,,PDF Document,MSA Dashboard,Monthly,Monthly,Dave Masselink,IT,Sales,,,,Dealer,Time,Product,,Dollars
Dealer Discounting compared to average dealer discounting by MSA Region,,,,PDF Document,MSA Dashboard,Monthly,Monthly,Dave Masselink,IT,Sales,,,,Dealer,Product,,,Dollars
Sales vs Plan by MSA Region,,,,PDF Document,MSA Dashboard,Monthly,Monthly,Dave Masselink,IT,Sales,,,,Time,Region,Product,,Product
Requested Screen Resolution,,,,Database,Creston/Fusion Server,Daily,Not Utilized,Patrick Boruta,IT,IT,,,,Product,,,,Event Instance
Room Motion Sensor Activity,,,,Database,Creston/Fusion Server,Daily,Not Utilized,Patrick Boruta,IT,IT,,,,Time,,,,Event Instance
Laptop Plugged In to presentation system,,,,Database,Creston/Fusion Server,Daily,Not Utilized,Patrick Boruta,IT,IT,,,,Time,,,,Event Instance
Presentation system turned on,,,,Database,Creston/Fusion Server,Daily,Not Utilized,Patrick Boruta,IT,IT,,,,Time,,,,Event Instance
Meeting Logs - Rooms,,,,Database,Creston/Fusion Server,Daily,Not Utilized,Patrick Boruta,IT,IT,,,,Time,,,,Meeting
Meeting Logs - People,,,,Database,Creston/Fusion Server,Daily,Not Utilized,Patrick Boruta,IT,IT,,,,Time,Employee,,,Meeting
Meeting Logs - Scheduler,,,,Database,Creston/Fusion Server,Daily,Not Utilized,Patrick Boruta,IT,IT,,,,Time,Employee,,,Meeting
Meeting Logs - Joined by Phone,,,,Database,Creston/Fusion Server,Daily,Not Utilized,Patrick Boruta,IT,IT,,,,Employee,,,,Meeting
Shared Documents,,,,Database,Office 365,Daily,Not Utilized,Patrick Boruta,IT,IT,,,,Employee,,,,Document
Email Logs,,,,Database,Office 365,Daily,Not Utilized,Patrick Boruta,IT,IT,,,,Time,Employee,,,Email
Documents Shared Externally,,,,Database,Office 365,Daily,Not Utilized,Patrick Boruta,IT,IT,,,,Time,Employee,Customer,,Document
Website Satisfaction - HermanMiller.com,,,,Report,Forsee,Daily,Unknown,Bill Bernahl,Marketing,Marketing,,,,Customer,,,,Web Visit
Customer Name,1,,,Database,Salesforce,Daily,Unknown,Sarah Johnson,IT,Sales,,,,Customer,,,,
Customer ID,1,,,Database,Salesforce,Daily,Unknown,Sarah Johnson,IT,Sales,,,,Customer,,,,
Customer Address,1,,,Database,Salesforce,Daily,Unknown,Sarah Johnson,IT,Sales,,,,Customer,Region,,,
Customer Annual Revenue,1,,,Database,Salesforce,Daily,Unknown,Sarah Johnson,IT,Sales,,,,Customer,,,,
Customer Number of Employees ,1,,,Database,Salesforce,Daily,Unknown,Sarah Johnson,IT,Sales,,,,Customer,Employee,,,
Customer Opportunity ID,1,,,Database,Salesforce,Daily,Unknown,Sarah Johnson,IT,Sales,,,,Customer,,,,
Customer Opportunity Name,1,,,Database,Salesforce,Daily,Unknown,Sarah Johnson,IT,Sales,,,,Customer,,,,
Customer Opportunity Description,1,,,Database,Salesforce,Daily,Unknown,Sarah Johnson,IT,Sales,,,,Customer,,,,
Customer Opportunity Value,1,,,Database,Salesforce,Daily,Unknown,Sarah Johnson,IT,Sales,,,,Customer,Product,Time,,
Years HM has had relaitonship with customer,1,,,Database,Salesforce,Daily,Unknown,Sarah Johnson,IT,Sales,,,,Customer,Time,,,
Customer Sales Region,1,,,Database,Salesforce,Daily,Unknown,Sarah Johnson,IT,Sales,,,,Customer,Customer Segment,Region,,
Customer NAICs Code,1,,,Database,Salesforce,Daily,Unknown,Sarah Johnson,IT,Sales,,,,Customer,,,,
Customer Jigsaw company ID,1,,,Database,Salesforce,Daily,Unknown,Sarah Johnson,IT,Sales,,,,Customer,,,,
Customer Duns Company ID,1,,,Database,Salesforce,Daily,Unknown,Sarah Johnson,IT,Sales,,,,Customer,,,,
Names of Teams Engaged in Project Design Process,,,,Powerpoint,Concept Convergence Document,Once,Once,Connnie Boeve,Project Management,Research,Design/Development,Product Management,,Product,Employee,Time,,
Capacity - Total Headcount Needed for Current Project,,,,Database,Accolade,Weekly,Weekly,Connnie Boeve,Project Management,Research,Design/Development,Product Management,,Employee,Time,,,
Capacity - Total Headcount Available,,,,Database,Accolade,Weekly,Weekly,Connnie Boeve,Project Management,Research,Design/Development,Product Management,,Employee,Time,,,
Nielsen Segment Analysis,1,,,Document,Document,Once,Once,Bill Bernhal,Marketing,Marketing,,,,Customer Segment,,,,
Website Traffic Composition by State by page on site,1,,,Document,Document,Once,Once,Bill Bernhal,Marketing,Marketing,,,,Region,,,,
Website Traffic Gender Composition by Page,1,,,Document,Document,Once,Once,Bill Bernhal,Marketing,Marketing,,,,Customer Segment,,,,
Website Traffic Age Composition by Page,1,,,Document,Document,Once,Once,Bill Bernhal,Marketing,Marketing,,,,Customer Segment,,,,
Website Traffic by Income by Page,1,,,Document,Document,Once,Once,Bill Bernhal,Marketing,Marketing,,,,Customer Segment,,,,
Website Traffic by Net Worth by Page,1,,,Document,Document,Once,Once,Bill Bernhal,Marketing,Marketing,,,,Customer Segment,,,,
Website Traffic by Career Status by Page,1,,,Document,Document,Once,Once,Bill Bernhal,Marketing,Marketing,,,,Customer Segment,,,,
Website Traffic Top 5 Occupations by Page,1,,,Document,Document,Once,Once,Bill Bernhal,Marketing,Marketing,,,,Customer Segment,,,,
Website Traffic by Housing Attribute (Home Owners / Renters) by Page,1,,,Document,Document,Once,Once,Bill Bernhal,Marketing,Marketing,,,,Customer Segment,,,,
Website Traffic Length of Residence at Current address by Page,1,,,Document,Document,Once,Once,Bill Bernhal,Marketing,Marketing,,,,Customer Segment,,,,
Website Traffic Top 5 Auto Make by Page,1,,,Document,Document,Once,Once,Bill Bernhal,Marketing,Marketing,,,,Customer Segment,,,,
Website Traffic Top 4 Psychographies by Page,1,,,Document,Document,Once,Once,Bill Bernhal,Marketing,Marketing,,,,Customer Segment,,,,
Count of File Formats for Downloaded Product Brochures ,1,,,Document,Google Analytics,Monthly,Monthly,Jeff Rhoads,Marketing,Marketing,,,,Time,,,,
Average Product Downloads per User,1,,,Document,Google Analytics,Monthly,Monthly,Jeff Rhoads,Marketing,Marketing,,,,Product Family,,,,
Pageviews by Setting,1,,,Document,Google Analytics,Monthly,Monthly,Jeff Rhoads,Marketing,Marketing,,,,Product Family,,,,
Number of Page Views by City,1,,,Document,Google Analytics,Monthly,Monthly,Jeff Rhoads,Marketing,Marketing,,,,Time,,,,
Number of Users by City,1,,,Document,Google Analytics,Monthly,Monthly,Jeff Rhoads,Marketing,Marketing,,,,Time,,,,
Work Products by Pricepoint,1,,,Document,,Once,,Jeff Rhoads,Marketing,Marketing,,,,Product,Product Family,,,